{"cameraMode":{"drawMode":0,"name":"Shaded","section":"Shading Mode"},"sceneLighting":false,"audioPlay":false,"sceneViewState":{"m_AlwaysRefresh":false,"showFog":true,"showSkybox":false,"showFlares":true,"showImageEffects":true,"showParticleSystems":true,"showVisualEffectGraphs":true,"m_FxEnabled":true},"in2DMode":false,"pivot":{"x":6.865233421325684,"y":-0.37265902757644656,"z":2.0610830783843996},"rotation":{"x":0.02913866564631462,"y":0.5959988236427307,"z":-0.021650632843375207,"w":0.8021699786186218},"size":4.166025161743164,"orthographic":false}