{"cameraMode":{"drawMode":0,"name":"Shaded","section":"Shading Mode"},"sceneLighting":true,"audioPlay":false,"sceneViewState":{"m_AlwaysRefresh":false,"showFog":true,"showSkybox":true,"showFlares":true,"showImageEffects":true,"showParticleSystems":true,"showVisualEffectGraphs":true,"m_FxEnabled":true},"in2DMode":false,"pivot":{"x":0.02736327052116394,"y":0.6905645132064819,"z":-0.1024169921875},"rotation":{"x":0.13911665976047517,"y":-0.057901300489902499,"z":0.008148561231791973,"w":0.9885516166687012},"size":1.563500165939331,"orthographic":false}