{"cameraMode":{"drawMode":0,"name":"Shaded","section":"Shading Mode"},"sceneLighting":false,"audioPlay":false,"sceneViewState":{"m_AlwaysRefresh":false,"showFog":true,"showSkybox":false,"showFlares":true,"showImageEffects":true,"showParticleSystems":true,"showVisualEffectGraphs":true,"m_FxEnabled":true},"in2DMode":false,"pivot":{"x":-0.29302215576171877,"y":-0.03454500436782837,"z":-2.639716625213623},"rotation":{"x":-0.009723485447466374,"y":0.9896063208580017,"z":-0.11813212186098099,"w":-0.08152911812067032},"size":1.7395720481872559,"orthographic":false}